{
    "rmse": 0.7857390468783108,
    "mae": 0.6344189913577087,
    "r2": 0.11271676070111503
}